"","Interval_Start","AR1","AR2","AR3","AR4","CM1","CM2","CM3","CM4","MD1","MD2","MD3","MD4"
"1",2016-07-27,0.140978374159941,0.352761362999052,0.174503564848388,0.348538112632987,0.373022756684813,0.304215611326728,NA,NA,NA,NA,NA,NA
"2",2016-08-06,0.113636295427869,NA,0.584980905474108,0.296631760722829,NA,0.291050169980804,0.171501090366106,0.0510748665225829,0.280549586802782,NA,0.244387659986849,0.50465086562403
"3",2016-08-16,NA,NA,NA,NA,NA,NA,0.168499361185578,0.0607604703115819,0.265934818201925,0.142590874163427,0.360436568915249,0.355867514776654
"4",2016-08-26,NA,NA,NA,NA,NA,NA,NA,NA,NA,NA,NA,NA
"5",2016-09-05,0.128753365219448,0.354097027800899,0.145910598382281,0.331728408280477,0.387901311899138,0.262070761714408,0.18906546063965,0.0481199737342425,0.24457500721113,0.120546685589925,0.286358624210672,0.354290199388805
"6",2016-09-15,0.146684018753584,0.362721811567777,0.15866203785801,0.365943631208337,0.350181619671698,0.268485519479872,0.16617323987824,NA,NA,NA,0.307885806927825,0.343176820704612
"7",2016-09-25,NA,NA,NA,NA,0.324061485658229,0.245615608067168,0.149851168148452,NA,0.225905439277863,0.108669125506907,0.29153070319186,0.37310861081085
"8",2016-10-05,NA,NA,NA,NA,0.342287679299851,0.257419818832918,0.163355576551881,0.0498022153936147,0.257886279042871,0.170693315360702,0.323888784578887,0.371356396458412
"9",2016-10-15,0.11083743445625,0.37062347569616,0.119021946344926,0.321733006973868,0.265695365752618,0.455237796879022,0.476715603854497,0.0785697218262947,0.29407389110678,0.103515078858014,0.387287377383743,0.42256395725302
"10",2016-10-25,0.0820688465445617,NA,NA,NA,0.362990580632617,NA,NA,0.0198595835365599,NA,0.106781326778298,0.366886028426544,0.508527782402896
"11",2016-11-04,0.131617556040173,0.380182435483101,0.123388718678918,0.302947838311512,0.315648279387717,0.250589872003122,0.158746791733655,NA,NA,NA,NA,NA
"12",2016-11-14,NA,NA,NA,NA,NA,NA,NA,0.0347227626597458,0.234514558429068,0.113320292936399,0.261837533182714,0.339219321986217
"13",2016-11-24,NA,NA,0.114736193372343,0.286093636252836,0.307894059606474,0.240544540221835,0.13933922032214,0.0748386339981642,0.290158375988488,0.161993459864287,0.307622563111476,0.414613040653493
"14",2016-12-04,0.136407668945629,0.374379985653194,0.187836975866582,0.315746714784041,NA,NA,NA,NA,NA,NA,NA,NA
"15",2016-12-14,0.299522100736958,0.560036468792036,0.172262800963417,0.478938924833538,NA,NA,NA,NA,NA,NA,NA,NA
"16",2016-12-24,0.452798776875162,0.629418164557927,0.268812100194137,0.47617715978506,NA,NA,NA,NA,NA,NA,NA,NA
"17",2017-01-03,NA,NA,NA,NA,NA,NA,NA,NA,NA,NA,NA,NA
"18",2017-01-13,NA,NA,NA,0.598832082678862,NA,NA,NA,0.16396479065097,0.368146881959576,0.24687447294357,NA,NA
"19",2017-01-23,0.630619088173897,0.738812960506625,0.330703194161328,0.685918282395168,0.69229076719787,0.583419150118239,0.513104939389116,0.526854617905268,0.590542752271734,0.479892032406949,0.638901155166088,0.693027561768298
"20",2017-02-02,0.60479604928344,0.766764405997645,0.430590117858997,0.660914688779374,0.38494096677648,0.432818297054462,NA,0.50471565176205,0.781504734358773,0.763396167901705,0.749315039879174,NA
"21",2017-02-12,NA,NA,NA,NA,0.431889166924681,0.388681540831903,NA,NA,NA,0.138643598681758,NA,NA
"22",2017-02-22,0.100849937019526,0.40401614390614,0.140474687365218,0.297266665164884,0.351110991856881,0.273819322684953,0.24186720664239,NA,NA,NA,NA,NA
"23",2017-03-04,NA,NA,NA,NA,0.422130391749295,0.336397239809019,0.299776756025117,0.133943979861621,0.380447422489964,0.234391145564972,0.416973089268715,0.482547307431464
"24",2017-03-14,0.168926919055456,0.402280357130547,0.187712885078094,0.3424083265182,0.354627334387613,0.286384343638779,0.186979853614733,0.0556063846874187,0.260665697753903,0.139060023088687,0.296412558316293,0.366487896005061
"25",2017-03-24,0.12976444888766,0.359646276056143,0.152429610925971,0.309910315136424,0.38086168860186,0.324776003718676,0.183833260304187,0.0568459092384582,0.292930907521284,0.138887083324313,0.317298018122794,0.378982262857454
"26",2017-04-03,0.166950535021022,NA,NA,NA,0.362028046901155,0.301792576403349,0.190098657834519,0.0631063511455259,0.268774612922153,0.158958112627125,0.306137593216758,0.384662509681454
"27",2017-04-13,0.139852879730685,0.310719650304229,0.15507609307084,0.299340804958636,0.364133171181716,0.296625679268198,0.219447389572735,0.0675854415481187,0.273818618650475,0.150973039996823,0.305288775990315,0.376479469767813
"28",2017-04-23,0.124073508548599,0.314803662534375,0.136569220651476,0.305701973431594,0.389043361483994,0.291654475121595,0.17771004962564,0.0494878997870322,0.297728413098101,0.189459077785869,0.320707744197493,0.395634636135528
"29",2017-05-03,0.362747308114094,0.371060916501928,0.340340065146234,0.36369318101509,0.361683640471078,0.308876507023112,0.229761139676947,0.0511127419139597,0.276434670448623,0.164752804523229,0.326158023593026,0.414817824618741
"30",2017-05-13,0.141641548189559,0.318999483748333,NA,NA,0.392966422213298,0.347406504782266,0.256728403245583,0.0710512830391032,0.305370892522805,0.16771337362813,0.359948690642831,0.444258037601696
"31",2017-05-23,0.14735479802552,0.319195671949158,0.160736804843772,0.312010928372717,0.376880314863299,0.311758483981335,0.202620520924772,0.0720585320904481,0.280532455531688,0.152522576493511,0.310208811132928,0.377246980871548
"32",2017-06-02,0.140919666243975,0.324671106246248,0.177439503117708,0.326764304090682,0.381581515138819,0.318371779471984,0.212250825365986,0.0679209210568641,0.271440462803649,0.153400535997654,0.318337764844232,0.367563959801801
"33",2017-06-12,0.139522584672568,0.340214117581564,0.1737569882532,0.304709289917358,0.371939159520309,0.315728814122205,0.19170234626588,0.0624044978052467,0.287757504166831,0.153883916645316,0.328151569581702,0.391289949402997
"34",2017-06-22,0.139541184250908,0.342310691700123,0.160970609703481,0.311215520918211,0.370074543944324,0.310051544957341,0.19033620891517,0.0676324944252988,0.277781633376346,0.142952542234408,0.30949572687713,0.351496307481113
"35",2017-07-02,0.143262551922977,0.346346770511452,0.174278371873658,0.325069128778878,0.360908626099313,0.307875193933637,0.185333085756082,0.0673421172067591,0.265433620994948,0.156981662635893,0.316426900779725,0.369919032374037
"36",2017-07-12,0.133223481062189,0.347374496872492,0.163225735352594,0.31561601575987,0.364320155285962,0.312154807551498,0.187608035098016,0.0708049527184106,0.275305074708342,0.151776132325106,0.348544284723431,0.362591193400474
"37",2017-07-22,0.137807819351015,0.341372407428918,0.204355287033408,0.345634431457241,0.385235537039771,0.29566189362199,0.22254973296864,0.0863316955918601,0.273592428561532,0.170439322570387,0.310328511321738,0.3514516536122
"38",2017-08-01,0.1375724356067,0.361060035487582,0.138751809415421,0.324824259096963,0.346692255777489,0.276981211449798,0.173429213738944,0.0572366452360908,0.267890670935347,0.145076145999741,0.300237484354834,0.346617187658908
"39",2017-08-11,0.130358144276994,0.345917690336664,0.154708687784363,0.310050441859897,0.35472661487979,0.26244128621244,0.182298525366013,0.0553501083068139,0.259008904957164,0.143466967441125,0.303108330190471,0.36596579643403
"40",2017-08-21,0.131845306263447,0.358813078376912,0.173178677273777,0.329104072324826,0.372494987163915,0.295540315276521,0.191342407953878,0.063076843737842,0.266165057991269,0.135197021744338,0.308904911650083,0.374187701570378
"41",2017-08-31,0.143920554065692,0.354239651261246,0.157021649619895,0.326074662859051,0.398100094702365,0.287497652686422,0.200177238562018,0.114492470684235,0.255135833745292,0.155545470391428,0.337419522064048,0.372137655533865
"42",2017-09-10,0.118133870669808,0.35594107873252,0.141790948680583,0.310602558325317,0.340062466944047,0.264204981030947,0.180853036245819,0.0620623643514384,0.31359560681557,0.134480526143933,0.353122497666289,0.351963627345282
"43",2017-09-20,0.143334236484617,0.379751132943492,0.186633648196757,0.35470298814511,0.366310571145689,0.286759116970092,NA,0.0664184938537793,0.270329947665874,0.155886398023765,0.307557234160296,0.400059646099693
"44",2017-09-30,0.132954616285037,0.34782728304107,0.131179114842294,0.319144218649505,0.351229013618232,0.283796109077704,0.173622063452902,0.0397276063201808,0.23416002080058,0.117496315350568,0.305314944574706,0.398011710140986
"45",2017-10-10,0.113118230581996,0.356708716561876,0.116639385430141,0.297671720644657,0.371536912866332,0.330857207609229,0.189548383625631,0.0378878371364458,0.281532928602278,0.132810456983964,0.318321371424139,0.374110671405913
"46",2017-10-20,0.122156977373733,0.369550008728664,0.139143036499239,0.306527400503238,0.3426568365351,0.240443092659869,0.155421044944946,0.045329253827165,0.231575803939482,0.115566629947894,0.275735360508549,0.349781938658781
"47",2017-10-30,0.0995266470826461,0.30999612370057,0.127946852520998,0.289560954323806,0.335986131386447,0.233576801604061,0.133986963989743,0.0494904459657061,0.214023677498139,0.16611440057621,0.294064803433678,0.377077479063316
"48",2017-11-09,0.122684380373383,0.33150413614179,0.148460880789764,0.300815487375691,0.323279949763147,0.261115421662343,0.149399603271371,0.019707939366102,0.210629613477693,0.121108556738552,0.2936428423567,0.364796765242282
"49",2017-11-19,0.113346328619569,0.37260596346927,0.116545166073181,0.294093529315339,0.319063540581135,0.240733562739336,0.150637214945274,0.0337775329572022,0.242982582156983,0.151555298038197,0.304238153051754,0.383195542108841
"50",2017-11-29,0.143803352246513,0.391361642343581,0.154691789739631,0.315684400650125,0.333668990248468,0.257088170904103,0.146183433091541,0.032563811625654,0.233414647162704,0.118491318070764,0.263110245108708,0.326039360499719
"51",2017-12-09,0.100602071543426,0.361941826989978,0.111171852716788,0.295585737961475,0.304234486194723,0.226877949194931,0.147492363242489,0.0449075903400265,0.203150181087328,0.101681227014424,0.265943074697591,0.333026243665875
"52",2017-12-19,0.143198538136566,0.444469344812587,0.15973754986879,0.266562235088585,0.354720540780998,0.245401480850189,0.229589147672606,0.0348905054303749,0.252389073988891,0.161632367519713,0.34517828345468,0.434943128733249
"53",2017-12-29,0.115575828532803,0.354768253549044,0.150041668917252,0.321085205959099,0.434356632036465,0.368081004716948,0.212726071531771,0.0384704046515304,0.30850027325804,0.192248751996068,0.353738099281974,0.393812133285963
"54",2018-01-08,0.161194465164422,0.360740535613759,0.166941800775519,0.287433578910659,0.345101702738849,0.282212174764825,0.168976950318096,0.0857515419731606,0.284213897759347,0.143188663601631,0.294253026971133,0.345456691604279
"55",2018-01-18,0.157124790353055,0.448044965862036,0.139953302553258,0.398906361200154,0.353373755023738,0.260582948513969,0.330931574998166,0.152167112000144,0.4458231717308,0.234379640031627,0.349551338580772,0.410912495098642
"56",2018-01-28,0.128979910516727,0.364341677183816,0.144815585141249,0.30415310007606,0.314164962343908,0.280250774772007,0.193020962609993,0.0646218285038731,0.323633093782623,0.127330636369849,0.27926492549041,0.33991234653745
"57",2018-02-07,0.133908064813859,0.355862691598195,0.156593788982794,0.31746162373632,0.348940059359323,0.307003790860376,0.211640618816708,0.0539929104040456,0.244031081192422,0.169689506368273,0.399000737860997,0.373299537975507
"58",2018-02-17,0.255384671842714,0.52628068973759,0.220344560609365,0.358261569181532,0.49668212211741,0.396108875300106,0.317239350105028,0.125731607487209,0.387685627212302,0.286177083389043,0.364390436427485,0.370417932282483
"59",2018-02-27,0.134726176138939,0.38530824416625,0.149624160885826,0.307447710842657,0.411390343862689,0.31758147001533,0.204163583211481,0.0531272015559886,0.247485385084591,0.142466808142287,0.319263121197313,0.363230519687806
"60",2018-03-09,0.178317590179575,0.382761164774863,0.268677557554228,0.345036299871198,0.329532655799379,0.284204718172848,0.203472833951886,0.072851518721615,0.289554075819881,0.158098619768746,0.320936754130552,0.416790278781241
"61",2018-03-19,0.401615644559618,0.452471349816241,0.429082930823763,0.598645425998479,0.378905922135135,0.315716379241665,0.183534390310698,0.090270787484103,0.34612306144518,0.210097218590476,0.346389375054069,0.385195237278799
"62",2018-03-29,0.116183590764038,0.358794689909998,0.179745173414682,0.369355616439532,0.369072971002407,0.310429958678058,0.206844938261304,0.0588798116289575,0.244504607035894,0.150265706282202,0.307577438740117,0.377752438183857
"63",2018-04-08,0.132887913243263,0.358611570535982,0.158760247940444,0.318562621564241,0.366553573766528,0.299263365621556,0.18419127677269,0.0644936159263822,0.266899475862233,0.174007542991415,0.312645780625052,0.379990434366028
"64",2018-04-18,0.170465381027307,0.391121707698556,0.223452533508479,0.350867348507425,0.379180142726393,0.412572816892527,0.192144855395152,0.0696380825112547,0.301226815665335,0.167832707355314,0.310394614326658,0.390764461703981
"65",2018-04-28,0.214886457299714,0.342170926827517,0.249978883622341,0.284608945253803,0.444470416813049,0.465798592033173,0.200429621577097,0.0750656217740531,0.3006505755826,0.225982989801873,0.407577705293383,0.481133579221814
"66",2018-05-08,0.168057921549907,0.359070047734778,0.189772536297015,0.319982635724039,0.358781695527014,0.294483131259751,0.194333523405027,0.05975626850956,0.274481642994273,0.15761779846795,0.325369649307067,0.39532292923083
"67",2018-05-18,0.140534769054411,0.355596416935034,0.194584567677916,0.312747836233316,0.364624342897607,0.317675072594242,0.197786442388567,0.0532759392722274,0.257591574418747,0.172437066774455,0.32616588533591,0.386007361240356
"68",2018-05-28,0.147864804450788,0.3542098579246,0.21124022272351,0.339890472629654,0.38077806616636,0.320893802216937,0.18728028573767,0.0582425894016271,0.304311705597447,0.174690714458086,0.344428317895835,0.39622444910193
"69",2018-06-07,0.134960257713385,0.354185193920076,0.19244619159782,0.320325632023162,0.374461007248142,0.318669573647254,0.200015304378381,0.0707972545678726,0.298806935130388,0.154956205850146,0.354168814250645,0.392804672359582
"70",2018-06-17,0.139507830911396,0.364029590538072,0.207151436128833,0.325373282738524,0.375141654015859,0.314899805091521,0.202320924879337,0.0703593355302925,0.277272491686443,0.171187032410593,0.32306591453287,0.388577251125008
"71",2018-06-27,0.133700565060656,0.361043018814293,0.205588661367851,0.328291418448513,0.37418374627309,0.317236575071867,0.187989010790071,0.0570968755517477,0.271578629164225,0.153951264544643,0.322189737063748,0.387580436118753
"72",2018-07-07,0.127296252489322,0.356228347043433,0.239693389732711,0.335787107299517,0.376314126511522,0.32944832776778,0.203396359511134,0.0723240546711252,0.247576559713387,0.166833126676694,0.318566399808947,0.395519380655529
"73",2018-07-17,0.132177662042082,0.362074879612776,0.201247990379304,0.32447095004129,0.385727531408717,0.328588519566968,0.190707684076276,0.0550584172312966,0.274879341974471,0.184213332551008,0.32593615101042,0.38741781366566
"74",2018-07-27,0.143583813758745,0.352353300040433,0.205872770440454,0.320543089356567,0.364271558203649,0.306634429835872,0.193528613039218,0.0514771991010548,0.260299343574054,0.140900262825274,0.320949249507454,0.37866953986778
"75",2018-08-06,0.131719340975192,0.341478403821522,0.192987272708871,0.312828404159329,0.385317412324057,0.330381653764388,0.192851803533899,0.0635079015636589,0.264611886934124,0.153383626551813,0.320514901951843,0.385738734816872
"76",2018-08-16,0.166538375368341,0.362429710193067,0.219852345589846,0.324357715634674,0.380979268473382,0.326472980280992,0.190847202383444,0.0528555149866569,0.280296788583544,0.148512750942889,0.323846749433753,0.389332209258164
"77",2018-08-26,0.13219143022386,0.362294173647372,0.209288333611433,0.317650106862434,0.358278169489592,0.316209133707158,0.159633963021535,0.0512833840510335,0.272284107244747,0.144516353223137,0.296833197456106,0.381145367353027
"78",2018-09-05,0.121145102874211,0.36825820086164,0.201508296776195,0.329871495645595,0.361688867745094,0.29935212157253,0.168419777551271,0.0477030262594708,0.246693489474278,0.134591188944979,0.309151153553614,0.367954678501711
"79",2018-09-15,0.125329187800538,0.357745665376885,0.191498516608015,0.316964638852974,0.372956350118816,0.309389618860673,0.175335404695063,0.0484792763043953,0.249689842255497,0.126777941365599,0.294547184766397,0.429771567362619
"80",2018-09-25,0.129748827448504,0.372071857164159,0.200475474467934,0.318776291475083,0.364476119027182,0.320132600319171,0.189642034868825,0.0418248340650132,0.246244896943038,0.144700238424529,0.312994626514021,0.366278090285818
"81",2018-10-05,0.0988765323046527,0.377208667677435,0.245580027334968,0.275571095917729,0.364366519740505,0.319570809224581,0.22057583228877,0.0337979315379232,0.284407608722863,0.129928652070194,0.317263120882242,0.377117907006547
"82",2018-10-15,0.110699945410965,0.354290236961797,0.183821614006922,0.326831323368138,0.369319526791055,0.295287384391552,0.16079727525526,0.0373071191818924,0.24067805629541,0.124149160180868,0.297741647139854,0.361427766839531
"83",2018-10-25,0.117315799098841,0.387879643903984,0.192905392412122,0.317365513278129,0.354317575436663,0.289690166624609,0.168957016740648,0.0379062967681537,0.237273908451843,0.126147978066083,0.304929007537123,0.370901120308398
"84",2018-11-04,0.128035779824201,0.368663026189556,0.209829998897687,0.340808060231355,0.352797095039885,0.289136686627159,0.169123919632936,0.0311880193824003,0.220568828021193,0.126676838016227,0.301051596767332,0.368595433004802
"85",2018-11-14,0.112835132483093,0.365818598194411,0.170651954730852,0.326855849883976,0.342302286212706,0.277313720550725,0.160323840631479,0.031522247637106,0.216305970956036,0.130609161071126,0.275696502858297,0.381883229634832
"86",2018-11-24,0.143731953444101,0.415554997004692,0.207902387327958,0.358128948955012,0.422351031284579,0.312505447006136,0.205422487065731,0.0605917922582106,0.267957151614096,0.143095438572154,0.337825288737123,0.425182982260327
"87",2018-12-04,0.379168323947447,0.580315865363181,0.389429439206041,0.442589362447829,0.356515738785606,0.415877251070181,0.359203274504541,0.121364489476329,0.461357521610388,0.380788531805827,0.543325317640533,0.632100032015034
"88",2018-12-14,0.18520105032589,0.474657383412021,0.237021636991114,0.377569853374578,0.348833508397925,0.31638966049622,0.23571621617059,0.0661514717734764,0.232041041063305,0.164021548900689,0.324125718616548,0.454128011774832
"89",2018-12-24,0.266460171387901,0.56011076667446,0.289204628874044,0.426656306737805,0.406716828306557,0.347104131461842,0.333225723196385,0.19571404931867,0.477151141989763,0.277009346332923,0.498183772163038,0.620520304413656
"90",2019-01-03,0.547020187401403,0.673196090977638,0.461646678441018,0.648271584049825,0.593654454590668,0.566809400004302,0.394153428961405,0.236042780675366,0.444780426542726,0.268327174832916,0.518389245061292,0.674654972695377
"91",2019-01-13,0.44166302305969,0.63144592647053,0.411408337027264,0.591884894200351,0.623829164446812,0.57200871369542,0.414176502203475,0.26627830937778,0.530166997766578,0.46187529299715,0.579217761177681,0.646843167361702
"92",2019-01-23,0.511396603206576,0.685707857686137,0.477252183060136,0.612796296350275,0.618008489313923,0.564134535827256,0.466190043745741,0.31401584693492,0.548036656454153,0.411508950489274,0.587827877728959,0.642415584603612
"93",2019-02-02,0.49512302938035,0.623049564451288,0.403826784864047,0.53972760276322,0.571620203270454,0.545429770553655,0.40080371096528,0.262342131577947,0.495124475955883,0.347841098877456,0.525171420179307,0.564572735518991
"94",2019-02-12,0.649570110594981,0.638281377960277,0.414364794977719,0.513545865288447,0.681755240924733,0.538320378212874,0.378957370793801,0.261803066459232,0.518971422459384,0.435278765912333,0.606201521486433,0.698481192855124
"95",2019-02-22,0.637725930399871,0.689335505841273,0.684271129275592,0.694123438647506,0.66728863508389,0.757794774142466,0.663500192344398,0.579932039824239,0.635708637402642,0.516268838745344,0.648675505683489,0.681240535706204
"96",2019-03-04,0.559051554801679,0.701703002415019,0.473943204774722,0.595326683971605,0.383521976420589,0.504393198140564,NA,0.176012657379823,0.584240221031177,0.302729000368095,0.537148922395078,0.424365348547947
"97",2019-03-14,0.262226596383345,0.504238619786866,0.24593726834473,0.343401787227584,0.37051818338488,0.396352189062332,0.348725729396279,0.14192576139745,0.321151011402705,0.173457116128905,0.318450646297956,0.411300419434757
"98",2019-03-24,0.118831424892399,0.360149671036014,0.206123743169881,0.308859530604723,0.400787569592686,0.374401992769394,0.207519683091132,0.0807728260089747,0.25412931297177,0.163122953265428,0.327311394494705,0.366352597968411
"99",2019-04-03,0.161001898300937,0.386619767516161,0.22673017916521,0.298730486953727,0.390004851950635,0.334615709011152,0.240655673445244,0.0691999675959164,0.277360507035729,0.196648662777349,0.336808033823331,0.401563638025921
"100",2019-04-13,0.134263661362902,0.354533551994643,0.206419275494924,0.32464512562804,0.368526261319812,0.346358677998197,0.248025006692729,0.0539977714258072,0.28653510429309,0.128164898705665,0.293452093358998,0.367553069769
"101",2019-04-23,0.138986917485262,0.344278609167458,0.235545974840495,0.317372627743529,0.352671968930446,0.315747884810598,0.206002994904443,0.0617688109176,0.280169726729279,0.173609705023471,0.304857154758579,0.370861434380476
"102",2019-05-03,0.134430638608241,0.334055449832555,0.216144741662652,0.295944732160659,0.348966484788537,0.284435524883101,0.232907053575448,0.107075987733527,0.297029016452347,0.114533313641553,0.336773324055124,0.473346627376951
"103",2019-05-13,0.132295391109546,0.326122541026394,0.226743126524288,0.358839480905118,0.460156298965488,0.316892926493763,0.205091135959518,0.0617236458097933,0.291549109268285,0.153664855715334,0.314400874273285,0.375585210448725
"104",2019-05-23,0.130066401067998,0.329435716003133,0.195594502871923,0.280095631303477,0.371183910327163,0.309561448329244,0.20503832179898,0.0671411248453514,0.283602454416258,0.150242043101204,0.318043444804267,0.364749770639865
"105",2019-06-02,0.156350764370029,0.283845857218831,0.214119935915292,0.286319943321518,0.380782103279165,0.353110347860139,0.222475947841253,0.0697830055415866,0.296777247576349,0.161492459286989,0.321240914543999,0.391654231434683
"106",2019-06-12,0.137188354688158,0.295954341170389,0.215868796617672,0.297942935864026,0.378906126136622,0.337130501186709,0.229546677800984,0.0537354313073198,0.288685348247791,0.142784233478855,0.312071392053407,0.364617695097805
"107",2019-06-22,0.128415648536073,0.30689363035786,0.220306120265981,0.334759644065649,0.376082711894143,0.316576532942584,0.20054155912808,0.05412531813618,0.277167630490254,0.155999713665627,0.308903367622458,0.354781803552388
"108",2019-07-02,0.12683801137388,0.299551812778457,0.212165728467076,0.312120783376112,0.379320888354552,0.32045300333212,0.188899670933251,0.0464110254609522,0.264333856600468,0.144128205625766,0.298294975601113,0.342314721735539
"109",2019-07-12,0.123132932574926,0.287752095332497,0.206925531693999,0.307791299847158,0.372207156357541,0.319855432536279,0.197468824497171,0.0428151277731449,0.260111850456605,0.150428027432128,0.306022358299099,0.353907970441307
"110",2019-07-22,0.117991387099183,0.292529821046929,0.218961229479552,0.320115453270712,0.380942356053816,0.345046861862572,0.194551383612307,0.0439286105732719,0.261699682709511,0.13403976596853,0.289179634932646,0.32606371597937
"111",2019-08-01,0.0972709164393622,0.303481983893875,0.208045332785304,0.307706739034139,0.394204739701598,0.320948712416203,0.155902200434737,0.0776486495078597,0.248508115372955,0.110986892108056,0.267980713518474,0.308998990735438
"112",2019-08-11,0.10782021115671,0.304163090724616,0.225796928344709,0.314332679631854,0.366958659501476,0.305161480238704,0.166140876190649,0.0376760064795711,0.25324182959379,0.13742785307474,0.274860508440293,0.329986687012646
"113",2019-08-21,0.126422800583751,0.31903775130054,0.211756445063696,0.32725942743757,0.353649732061782,0.293387690983097,0.171381842901925,0.0488372299824459,0.253042230090214,0.159118964878127,0.317484534301979,0.358982989129359
"114",2019-08-31,0.136399071733705,0.33069780830444,0.210327314062139,0.313749796252548,0.380339830464321,0.32329551190498,0.186097734677963,0.053759256292293,0.251846220165979,0.119696430407529,0.284540952825499,0.335696177762693
"115",2019-09-10,0.115896528375936,0.337842847351543,0.211936075698243,0.332572883932871,0.370964392626316,0.316623255150549,0.191947890892849,0.0577092632590526,0.259273725000774,0.13109803262223,0.306598175443524,0.360153756300294
"116",2019-09-20,0.12086034488226,0.321780104253821,0.238613508369239,0.325888502943148,0.380215007817931,0.317272074868191,0.154928924223998,0.0412536725607585,0.225808457067364,0.13238446005046,0.29472288197679,0.373348430065118
"117",2019-09-30,0.105150407298768,0.316422404903531,0.217553637492317,0.298842472294236,0.357714188567344,0.267443307109404,0.141192935742744,0.0364803393188237,0.220223436523605,0.118263070024843,0.244325723395055,0.324231277927221
"118",2019-10-10,0.103768780804657,0.327258850561799,0.225763861444228,0.288383142398912,0.354984699916764,0.275769768720243,0.13306537999435,0.0326373070448408,0.220356881095847,0.11263223764128,0.272125765792218,0.332963771314943
"119",2019-10-20,0.0991622327227149,0.348855287930209,0.234124298862726,0.31375114945693,0.348425410346551,0.25481512640685,0.127762866742688,0.0355427633133348,0.205022231399761,0.110666693995991,0.265151722978304,0.332067547393227
"120",2019-10-30,0.0990554774416618,0.326085583572011,0.22303588425574,0.309887632054713,0.352870559836924,0.275722057148302,0.128392808479,0.0291064893851895,0.205558275992562,0.0986660701178045,0.25797271864483,0.32210691981634
"121",2019-11-09,0.0847596289283879,0.319739059807535,0.213219931003549,0.299055145813564,0.339381766194394,0.290965472551057,0.140044465174414,0.044926897167472,0.248837864144284,0.127543583862006,0.293908951844841,0.356039080299334
"122",2019-11-19,0.179254425064539,0.424844100453182,0.283479453131465,0.396604940238002,0.340331346511831,0.313081208793388,0.215729953147298,0.062557629269621,0.248394586764708,0.125728711170402,0.323302811416946,0.399509402694879
"123",2019-11-29,0.247337064742247,0.457133523179331,0.353370250941286,0.390249671517652,0.40184611943811,0.376385410844272,0.374413503054164,0.231100629496801,0.430635897740816,0.28198794673318,0.443211565734389,0.477377534776432
"124",2019-12-09,0.107884516471832,0.362494854337993,0.259174372576043,0.269406631511538,0.460626485328482,0.400208279735748,0.224133483821944,0.0178816319032212,0.203932360713486,0.257162873270089,0.462938644821366,0.476859388800678
"125",2019-12-19,0.21774518124485,0.441241755059658,0.236551743760848,0.30498660701242,0.589027679939092,0.533742417237638,0.376204639699288,0.123063893298806,0.369691679675208,0.323705561144477,0.492275056571616,0.564843804412852
"126",2019-12-29,0.518158324638189,0.688106239981322,0.556976815328961,0.615077393226589,0.640335644842394,0.537757575750735,0.464356216288939,0.232287667116051,0.521432055991452,0.344952906162317,0.506100647807317,0.573894611234275
"127",2020-01-08,0.446638004957016,0.668888971472035,0.557140335453546,0.604637331489673,0.594831055822286,0.495072714269884,0.320439083578825,0.134477915659862,0.410225155964755,0.218439498328433,0.415794536418766,0.50378921535339
"128",2020-01-18,0.561812251119064,0.714521617329058,0.531242885440666,0.555739384774029,0.626155211455086,0.561209631628816,0.37575852336133,0.140466489498898,0.473074553288666,0.272080729954438,0.509846070224595,0.55631200699122
"129",2020-01-28,0.469852792444759,0.654003870744438,0.462974489094197,0.513325593554134,0.482388236858918,0.499536450040402,0.359264376905913,0.0956012490647805,0.464253773957191,0.219438955808146,0.368523641137257,0.447571914867988
"130",2020-02-07,0.33202598793463,0.512924019537669,0.312509509288318,0.334258697409588,0.371317544776324,0.409347346396523,0.314334362681053,0.0681121116380068,0.305765147152618,0.140701835815317,0.317900015745771,0.378233192246365
"131",2020-02-17,0.158316974841198,0.367576452038185,0.262186283548739,0.306362198844629,0.356210185288618,0.307661518059769,0.234438676350388,0.0650330445246669,0.234056448229215,0.143929270175099,0.282328848551644,0.341003037852656
"132",2020-02-27,0.136961253311602,0.413214594460282,0.238587669207137,0.296606921879615,0.40055850367678,0.361395165005042,0.216156173227554,0.0720486826434503,0.238642482618419,0.14066131585306,0.306787492683229,0.352574120300532
"133",2020-03-08,0.217582600586133,0.439756069560908,0.28692814160914,0.335548122022827,0.517694991817612,0.422728768661452,0.324791184468092,0.137434849992645,0.284115811176907,0.196710792856393,0.413809987897603,0.487517913032693
"134",2020-03-18,0.113553737437163,0.507173015064718,0.209480653659521,NA,0.378037242234927,0.376329212186113,0.282867194193808,0.0627644129183836,0.293520843983905,0.116537274684074,0.256456721437381,0.361607941989703
"135",2020-03-28,0.140360404227843,0.371480313772445,0.264166370614961,0.332506249467407,0.400915201415412,0.334345426712243,0.187386802082305,0.0531104176931151,0.29594091960952,0.198528249144153,0.339615858986367,0.429996814357799
"136",2020-04-07,0.131373937745444,0.347573479212787,0.250521244127398,0.330200130285527,0.381423166701979,0.339430387604525,0.190778234546747,0.0589041543538067,0.258775963060194,0.15014272037243,0.316252256887013,0.373481500228901
"137",2020-04-17,0.179636557369282,0.352985703857059,0.229663792909218,0.330819927517101,0.370095363088477,0.326424471557218,0.262179775522252,0.070915067531153,0.263229618190203,0.14586882883133,0.314053578315222,0.396765357286979
"138",2020-04-27,0.128920209922523,0.323504120600861,0.227714774301856,0.310629947932388,0.378102870849896,0.324194855573502,0.193821564785973,0.0578861097565074,0.28321537965805,0.148611597445971,0.311762697759173,0.384132438157301
"139",2020-05-07,0.138187533720253,0.325036021430341,0.218570859158931,0.317537320245258,0.364152427257873,0.309777830862761,0.185766155849984,0.0607261079488533,0.261492241989973,0.145184334458509,0.317654656476455,0.372091194757669
"140",2020-05-17,0.136463879410764,0.312868004960727,0.242435645773924,0.309072423612728,0.39705922199778,0.321270852895803,0.19791361778278,0.0652773699299665,0.271374757616748,0.140755697489375,0.318969045078366,0.380393183245441
"141",2020-05-27,0.150697797079786,0.340245446010553,0.238835683125591,0.334336404552162,0.394886768125898,0.338540718677145,0.236476043760565,0.0661844948411182,0.290765372346255,0.163787201426032,0.33642946467052,0.405086860431341
"142",2020-06-06,0.141637988603689,0.343681153844948,0.232040874042908,0.315938698717881,0.38805912200294,0.321267864823481,0.223522652046501,0.0602759880526383,0.26998422223527,0.134295269219503,0.296398160169743,0.371056054253795
"143",2020-06-16,0.156086812593052,0.345584923224543,0.22009126935242,0.318592901141964,0.393788287196847,0.338357536804754,0.191037311245601,0.0699037443214646,0.290284078849915,0.141577901472377,0.306689039011144,0.385265624381284
"144",2020-06-26,0.142420860133541,0.343521268645275,0.235776477879855,0.31636713805928,0.385054520760784,0.333360977777674,0.224971078532804,0.0742647301341017,0.286747972513558,0.187247582942666,0.376356479292124,0.386313333693734
"145",2020-07-06,0.148796497729069,0.341218313033178,0.205403903877277,0.328047301708069,0.387427048604929,0.314423034668642,0.181796815632732,0.0582185384257639,0.259450599672735,0.129008908280787,0.302334902612949,0.372615013192232
"146",2020-07-16,0.202596743606628,0.342318184330294,0.235060621962571,0.342655159433738,0.370059357561588,0.29512869384005,0.190539780914084,0.0515093599923065,0.270382111216554,0.129628250618694,0.348920444229402,0.382712435516561
"147",2020-07-26,0.204079026511494,0.34106780906675,0.214718568963713,0.316669512225461,0.37758106380384,0.318884842392139,0.190494111832873,0.0540164073995816,0.271790255767832,0.124446126887899,0.305000262105296,0.368468567373122
"148",2020-08-05,0.232998552771873,0.361198147398792,0.231224402988333,0.317711691581174,0.374711673962844,0.303313504828597,0.16649370944877,0.0587872846209073,0.283487449304953,0.151224120979319,0.323495372178787,0.418817435758933
"149",2020-08-15,0.236809879319937,0.351581304164036,0.243254924105511,0.315835358540635,0.379371383439154,0.31322874353081,0.165914698440416,0.0499634838583847,0.246852869885788,0.120810913837959,0.300321670960076,0.365182585979913
"150",2020-08-25,0.23705591102883,0.370323261279384,0.259244450020051,0.329105212429952,0.378107141767391,0.319791493332224,0.174017379774016,0.0552299881687899,0.258233061088074,0.137060818147626,0.312408858145947,0.375158486735536
"151",2020-09-04,0.255351407011679,0.373671922231911,0.22870568770677,0.300109760353908,0.368672524981315,0.297719137145024,0.155983331830558,0.0566151231866021,0.262069276268384,0.14673694656435,0.346420092371583,0.3955050733279
"152",2020-09-14,0.233653888964353,0.354099968700746,0.245521073684904,0.310749925900981,0.367487646966621,0.289305528657386,0.155126921281296,0.0473453733609359,0.249843448388786,0.135776271604867,0.310146089246465,0.355926466254095
"153",2020-09-24,0.252290461959566,0.351677049201871,0.210523919806148,0.317223758332314,0.358928612983247,0.279026793904629,0.154595637638452,0.0483528403767547,0.247158859150144,0.109255970134793,0.290697539574021,0.358406199746963
"154",2020-10-04,0.234414205549835,0.345957920360505,0.224664048597547,0.30013927722797,0.371479140051938,0.280013541996063,0.134359883202497,0.0406953669773782,0.264200203010799,0.118934078326315,0.302111150469912,0.365085034162799
"155",2020-10-14,0.244565991488061,0.359039025994948,0.207530184453342,0.301149232399754,0.373040373656826,0.280730456674647,0.15278587640073,0.0364642278398481,0.244694380142764,0.103093894755836,0.290420152507952,0.362480527357341
"156",2020-10-24,0.233757073599834,0.35563819415555,0.228647364636621,0.288418922040731,0.36518863100589,0.300927381463911,0.145438144983364,0.0420789976947297,0.245157685138238,0.114938118021545,0.310085990559676,0.358591262596129
"157",2020-11-03,0.236666395281592,0.352350034420315,0.226052362799064,0.365430611490511,0.355807815816944,0.359138568035474,0.135012880044159,0.0349274670250442,0.270496457088242,0.0881402436085416,0.246952172501685,0.326313929862382
"158",2020-11-13,0.239136679574529,0.346153316930346,0.210159110346014,0.29301772715842,0.362194557807313,0.26760675177961,0.139174014152208,0.0421019903594207,0.232424924748086,0.106466039052907,0.278405154877241,0.36055312348247
"159",2020-11-23,0.256399084945074,0.359526448845517,0.213760400492262,0.288014053812781,0.358664398891761,0.268958921686677,0.123905169836446,0.036199746261816,0.241247247616946,0.0931265687480529,0.266451375134186,0.341914941427189
"160",2020-12-03,0.320002327772562,0.377130988407361,0.199998524471581,0.29115038838728,0.368573213767678,0.267718034143815,0.132499221352572,0.0349274139818712,0.23461094410066,0.0860074771641663,0.268277021758441,0.331799627332985
"161",2020-12-13,0.435489441357838,0.61433257204294,0.426061717767095,0.516818789610554,0.560177702454685,0.416825467166728,0.348464784453047,0.190173479229806,0.463809826621794,0.249648118946533,0.470815152145544,0.526642332945628
"162",2020-12-23,0.336209049756161,0.544880237173745,0.353632422353128,0.443800826178677,0.38580572740082,0.381024135047002,0.312761469863239,0.116122862695524,0.440835195625555,0.167671158161496,0.341838324173091,0.400028815822267
"163",2021-01-02,0.300729581312187,0.511072041883171,0.321083931085099,0.386251499610796,0.415015458935958,0.360247236285685,0.273433574067918,0.122339610347217,0.388097949866752,0.170821545408926,0.392543846473313,0.450918367992235
"164",2021-01-12,0.269157375964396,0.446551998968802,0.28688184506312,0.303914841937032,0.473899734761982,0.405930278407145,0.298249576103447,0.0947379247617472,0.383261028992299,0.147917382783196,0.321890767925007,0.370783773318646
"165",2021-01-22,0.667779423638057,0.645831056626727,0.516295053952748,0.607558941211137,0.580787176091981,0.51449410206652,0.418046902375274,0.34013355373657,0.48879174033632,0.291177695494999,0.483647148984448,0.559959215778587
"166",2021-02-01,0.19303683777525,0.412707938051836,0.249381533993868,0.288188677016352,0.42740123574553,0.401025019828394,0.395202004432059,0.170163296763384,0.444852174316054,0.186718793041069,0.308475476676483,0.373179127550427
"167",2021-02-11,0.612785712684794,0.655926250049401,0.562889880586356,0.656460870065487,0.54910209288185,0.505075930959777,0.471175956800271,0.333188397758531,0.526814198435887,0.373187551904414,0.482274820320929,0.484704454149178
"168",2021-02-21,0.486328694726161,0.553601774357725,0.346705366612558,0.374443778101874,0.397487611527439,0.322852560821595,0.264606778163571,0.0831810395486378,0.293800639359449,0.115609097996968,0.284456162146613,0.338890744479354
"169",2021-03-03,0.24182048481959,0.409898664946525,0.263776522963786,0.338646802876238,0.38424060959507,0.323966972972006,0.19343627273076,0.0692119563316003,0.284811924555823,0.107075569136779,0.271029875745983,0.337121761384338
"170",2021-03-13,0.30147103993345,0.433367750908451,0.271820918201027,0.320157258985044,0.425636096211026,0.377723641067225,0.19807888828133,0.0724214512250427,0.251097563322972,0.15170626464665,0.326111471812965,0.396976425888183
"171",2021-03-23,0.237103570121706,0.372133870116298,0.232277245687931,0.318585826228341,0.406647828035288,0.325678425716186,0.160511812555545,0.0603276925608661,0.270623987272363,0.12586478612354,0.300494566329265,0.361783700539101
"172",2021-04-02,0.248556988583875,0.360020059893179,0.236543527182161,0.324470541391627,0.395336871624986,0.313471869267544,0.176252022057679,0.0577571002572927,0.272152468508107,0.129492674199974,0.307212857682823,0.378758234144498
"173",2021-04-12,0.250453012545939,0.354682371336576,0.240470119889257,0.295604176111669,0.404118956846008,0.331435314146201,0.196802236634301,0.05507338742074,0.277358160716446,0.134416077418064,0.294151606895199,0.384990057706561
"174",2021-04-22,0.228258044855866,0.348263021067139,0.229999044161999,0.361569956628173,0.387277399273866,0.318275004054154,0.176857506900119,0.0583975373835471,0.294896525867053,0.121402616619476,0.289787465214386,0.366703076127811
"175",2021-05-02,0.243514938215794,0.341292989288035,0.26172217862391,0.315605125878479,0.423937072835404,0.364688719792687,0.222161004460796,0.0695353254137877,0.29931969707474,0.158032825265422,0.320032278850829,0.377364749141483
"176",2021-05-12,0.234297419564839,0.341571636788023,0.223019972872445,0.296822486002522,0.403467528313645,0.304894829652293,0.188917108823483,0.0783544067776875,0.276074698241184,0.146229434648215,0.305894992909586,0.363010226124444
"177",2021-05-22,0.253421647232297,0.358986228794971,0.222221919989865,0.305588148149846,0.396805861207524,0.323227510586598,0.198171995770942,0.0569068071852067,0.28447312328366,0.171104239481308,0.341687869491951,0.366784188131075
"178",2021-06-01,0.247527171077207,0.362870881137166,0.237449600278609,0.316024626474258,0.398123617631296,0.32684091701507,0.182040171556822,0.0643176231216667,0.295851876508822,0.137624969504146,0.311966600068533,0.368466268147985
"179",2021-06-11,0.250131012349246,0.348355922255151,0.216600848557958,0.304135682332829,0.410281565880653,0.340191386027436,0.190513066773156,0.068578617574634,0.277736938157214,0.143236134867157,0.318573844585199,0.363691240741419
"180",2021-06-21,0.259187564378916,0.362556626237097,0.227305466604228,0.322997394735702,0.395143624383721,0.364921171558597,0.20377398474909,0.0816266620705302,0.299542796171273,0.158237318655539,0.330722189692968,0.409682027029302
"181",2021-07-01,0.222064092901686,0.340359506308613,0.224644929246371,0.327271858330964,0.405261074527737,0.338546391180104,0.178329324503998,0.0617758856366578,0.275222608677817,0.127754526446968,0.303109916152937,0.360199635912799
"182",2021-07-11,0.215003122256751,0.328650445914112,0.225656794021534,0.308247517905429,0.403870286138908,0.341833617235815,0.206141489038297,0.0661021326038542,0.266336985344693,0.14386323409845,0.318880723400662,0.360906695677226
"183",2021-07-21,0.2300678562195,0.346648324764664,0.213453242814026,0.311339347451455,0.39316670710006,0.318455688167883,0.179802215649536,0.0667316244432962,0.287361503197338,0.15379097756526,0.325350339212096,0.374490683354385
"184",2021-07-31,0.225001806310759,0.331389785173619,0.224823669537454,0.312410440247722,0.379801065970539,0.307205545409873,0.183155426891783,0.0589403561780659,0.261760176295597,0.135419396086235,0.31130857806329,0.363439553042668
"185",2021-08-10,0.230544219664221,0.343411595834681,0.208550309185585,0.2985525904999,0.400084485551117,0.277212365664974,0.171956711966756,0.0543918106772446,0.264706425236092,0.124615284193096,0.308241314676455,0.351694875889951
"186",2021-08-20,0.228296424615065,0.337159657715828,0.23913107184593,0.316088704169001,0.360969732239758,0.250082063241956,0.17977112168326,0.0570323725982957,0.273642791334185,0.121017289216011,0.307134108844874,0.358865759685465
"187",2021-08-30,0.182989910250396,0.341284749560102,0.185456312791849,0.305527818443847,0.35144448581249,0.234595507332397,0.167465774477638,0.0619820999532238,0.294618227988037,0.118000072026644,0.305311575659668,0.35841026592376
"188",2021-09-09,0.190650029081045,0.321763248916129,0.192703948863288,0.300467380090243,0.357249448062477,0.269275851159438,0.217772812532973,0.0578976915837618,0.292090682616039,0.102331691420917,0.286618461005473,0.36314667816146
"189",2021-09-19,0.231394596559662,0.34976420444303,0.188293120820891,0.319824529567281,0.384423555664422,0.27551579259546,0.185439952171521,0.0543663185596559,0.269151838472707,0.160521467800218,0.312257928491036,0.364243098912591
"190",2021-09-29,0.23119274384648,0.405640782569844,0.293884517456952,0.317055069550227,0.352918315638594,0.275509045979,0.170841132432524,0.0599082862877933,0.263315268809302,0.128671805357877,0.318855615045701,0.40675381329724
"191",2021-10-09,0.194072005223323,0.319537525014499,0.185449480384045,0.314498843319217,0.338118127436148,0.220317832764672,0.174687832276773,0.0380111654233805,0.259387900336899,0.0765593529709595,0.270101416218457,0.341570152029221
"192",2021-10-19,0.229075322498138,0.342367049646961,0.180083124263879,0.303077209805573,0.349219327939704,0.249734318408875,0.175050134173225,0.045328951484812,0.263441960160963,0.0901178890994598,0.29322593772691,0.358052540266809
"193",2021-10-29,0.232087370115312,0.336836132022398,0.168838681557151,0.303167724621271,0.370075686651515,0.262530116953092,0.150614819127261,0.0467474847394937,0.252763081508002,0.123388842379234,0.29009275375595,0.382681783766125
"194",2021-11-08,0.225636147851834,0.346253812078051,0.227568028824889,0.314484241377866,0.356757996884073,0.262905061052364,0.146257577828624,0.0623299261107841,0.257950085384637,0.0886018738678879,0.287669264374169,0.357635260161438
"195",2021-11-18,0.23813691429974,0.343111673095026,0.184208273653345,0.320338649655272,0.367131016777489,0.254586598483396,0.148753660985656,0.040489701960917,0.243366077474483,0.0852093036559433,0.27960028849671,0.349220020946883
"196",2021-11-28,0.251958939347238,0.346220499181219,0.172777847315475,0.290082781697434,0.35641105799572,0.274153019756856,0.1431035095136,0.0359291614878435,0.245952508789299,0.0880097686506,0.270911198354631,0.357370701491822
"197",2021-12-08,0.52493971511842,0.470406181879584,0.33355193037145,0.35742316501501,0.423298494594501,0.357924286362255,0.371688366054536,0.241516610810454,0.53800085653716,0.265051329228838,0.390848879441493,0.450660271334698
"198",2021-12-18,0.340407421788412,0.401516282703505,0.2798268350721,0.30439030663873,0.497761890366532,0.427310580916373,0.323951758705393,0.179337739445212,0.447325921498556,0.19554722208221,0.395210421438078,0.475904779552226
"199",2021-12-28,0.625486380889276,0.600117880647808,0.46920701605332,0.513937038753594,0.345039104832277,0.373498034232056,0.356847105259784,0.342650514711744,0.510173061181268,0.279669361430114,0.500179488177319,0.545938489046747
"200",2022-01-07,0.295615737434685,0.417073457023604,0.241834681391883,0.343533127449151,0.369576430410576,0.308634582127279,0.231710837442631,0.0958114678039706,0.269619076968774,0.112463710977603,0.300833924810599,0.360500889842235
"201",2022-01-17,0.267937677067053,0.374649363165394,0.217130461965151,0.310389562655579,0.366967051557081,0.279390478563092,0.218685741203271,0.0768782018155256,0.245909374380953,0.0887525257314958,0.26961624252018,0.331827881007148
"202",2022-01-27,0.311698064371456,0.382774042521718,0.230318085332963,0.334891350642481,0.392813853637352,0.292982264685021,0.209229805861914,0.0844607450895257,0.267542724411951,0.104219764613642,0.273887837440914,0.338394034234031
"203",2022-02-06,0.295072740091479,0.384357468955498,0.217438619106905,0.331708488856767,0.40455031104121,0.327851664908708,0.170810487632391,0.0607770781983339,0.278068389907203,0.104094518932473,0.303424841000078,0.34503603132221
"204",2022-02-16,0.356649570721892,0.45117997280007,0.31290073362634,0.394981852750858,0.416374594455649,0.329927897698149,0.168470500998593,0.0502076292238634,0.249310008340379,0.0785248906585696,0.259420312327497,0.324754698592808
"205",2022-02-26,0.48311283044283,0.498369990478061,0.324774688812393,0.410728453471517,0.409724750575514,0.347056352594081,0.313683563784769,0.258033416419103,0.505227758205823,0.320770679413357,0.493330198970386,0.546841214065033
"206",2022-03-08,0.293057298613035,0.383602106136159,0.246651629736836,0.357836128377689,0.386438764967563,0.291392329640786,0.176264199984317,0.0518903601785987,0.263770222403525,0.128500951807641,0.342681094160409,0.406043483896436
"207",2022-03-18,0.250357357872296,0.34968580285606,0.199351707501914,0.322818835056608,0.387332816992023,0.302678436650972,0.167455619650853,0.0532802777735745,0.264702523811308,0.118721905183675,0.304839357599782,0.37007929375177
"208",2022-03-28,0.255408033173542,0.365981325278259,0.229101565774817,0.305662013284909,0.412163833646651,0.315246899546587,0.16702059291972,0.0638403176885944,0.276271275784172,0.119726805447175,0.301700078963295,0.344067138888753
"209",2022-04-07,0.264692791297446,0.358565946229445,0.221990938837095,0.34252876891345,0.388673230738333,0.281563168779394,0.207317269183728,0.0673713609132962,0.295491476093567,0.0987986784807476,0.295697936950082,0.36053232165378
"210",2022-04-17,0.26163876056539,0.355744621645949,0.232986925963641,0.33945551096402,0.385923992573619,0.283990644149786,0.195354754790573,0.0604389495452961,0.307679240883352,0.126093037448792,0.31695728523492,0.349668427620414
"211",2022-04-27,0.251655670834776,0.368734905270556,0.261873544914182,0.345031718488971,0.384287691289702,0.29493241723392,0.204384931769357,0.0718990029833954,0.298032963109181,0.134581865826333,0.310404041768623,0.361125290423736
"212",2022-05-07,0.254218692789522,0.36952853278035,0.200008070182642,0.314718678457778,0.405899121717235,0.346068909251339,0.220263721396063,0.0654621536391412,0.279755677031895,0.149745352156489,0.374063169246253,0.35420556093882
"213",2022-05-17,0.241270169825606,0.354420635205926,0.208413374611721,0.316995692005309,0.394284113629789,0.321327094993425,0.211686126419475,0.0633513239988329,0.31306687118155,0.130344851557845,0.325653304443248,0.38228154285789
"214",2022-05-27,0.248098180836668,0.374378556456184,0.23116915833081,0.344373677345592,0.401976468063716,0.327971524012533,0.221146979078192,0.0740573980876265,0.301782935156972,0.12394136108312,0.311014710150154,0.367170776145214
"215",2022-06-06,0.24664921334081,0.357009306999651,0.213036781987764,0.323406217606667,0.395308700369483,0.329923347265991,0.190924640726815,0.0611983108904998,0.291506604526659,0.127173130249322,0.303676175454734,0.354264764954919
"216",2022-06-16,0.208830137842902,0.350198635216291,0.200019374104962,0.291060384542205,0.368548187419176,0.324765181297517,0.200688527837495,0.0704021141208792,0.315823561820645,0.170963324954536,0.339118966267367,0.361850410778392
"217",2022-06-26,0.206168783186045,0.330911957812216,0.236643136536301,0.3173781403349,0.397491555996235,0.32245306127565,0.188526066669967,0.0839123143540284,0.322118220139987,0.131340967167275,0.31100795262758,0.416280973358245
"218",2022-07-06,0.199420700889301,0.348331328205242,0.197935222107005,0.293031042664511,0.396121129095784,0.324477559462306,0.188328061154241,0.078386835718294,0.281683958714576,0.125839535402414,0.318362868238709,0.346883649391649
"219",2022-07-16,0.211755002009311,0.351539869993871,0.209234589353595,0.302000997206451,0.38870183277013,0.31025369644703,0.174598034609,0.0554165551704589,0.274129457485591,0.139074386813736,0.309142762433658,0.346947033948147
"220",2022-07-26,0.175083124779704,0.319466910387946,0.206674400815806,0.301853772756532,0.419139180013197,0.331344053930115,0.167428259268449,0.0618346812879963,0.289245216581217,0.133040249486075,0.327019955101057,0.390045527253973
"221",2022-08-05,0.207542330889302,0.329354838566013,0.192208257942371,0.314142562682506,0.382225893488269,0.313862456072778,0.161659436340444,0.0606433328699916,0.289390339809793,0.11339738988204,0.283606046607557,0.335079642437746
"222",2022-08-15,0.161188243330612,0.331406061084777,0.195651747320947,0.315406131105292,0.354511130026756,0.240468470864674,0.168924484313953,0.0880389962655693,0.289441047331392,0.141310659997799,0.285511014545835,0.339522631648833
"223",2022-08-25,0.131076881242028,0.298717760190334,0.182936959712427,0.324111326781472,0.34791860100353,0.208286606939407,0.16937520726184,0.0547368793841581,0.278411750458052,0.0977179908826787,0.29845717247709,0.341136197500338
"224",2022-09-04,0.160776085085361,0.338628856340777,0.201925328996559,0.3157168681251,0.354345916152408,0.251619050157585,0.187631884333071,0.0508043662011911,0.266485617563755,0.137343943641935,0.333420807379026,0.378106949034537
"225",2022-09-14,0.169022010884081,0.323010613826089,0.186513334012527,0.328016922969093,0.349001332691428,0.209464946832977,0.157839855816093,0.0477394829197032,0.26706514747882,0.0846313809924708,0.282104292378282,0.335375405178423
"226",2022-09-24,0.154708867939259,0.324915736463946,0.180063858558814,0.333194268574998,0.357710405533969,0.214134421259312,0.183280878537492,0.057790773857154,0.274491099579335,0.0893357846639021,0.303319558692111,0.3447506522928
"227",2022-10-04,0.179761376199344,0.33272683881779,0.170287789759219,0.323236245995417,0.35619756406266,0.228705509546433,0.160497951820118,0.0443034866831046,0.262325690345515,0.0806684778698037,0.282914041010797,0.324222914768554
"228",2022-10-14,0.183890897356928,0.339107996856596,0.177395584016623,0.330232835497884,0.359813243957499,0.236357519819488,0.157669753336087,0.0562875642116957,0.261792331544985,0.0900330185330044,0.314684049498513,0.342691622985295
"229",2022-10-24,0.255167278232006,0.388279177933266,0.210715687418971,0.384457810779677,0.346621760716646,0.259022561305036,0.146638597131761,0.0414705489703175,0.242408333332892,0.0850927705546567,0.292262121539551,0.335199634452037
"230",2022-11-03,0.359331783570946,0.412693160043976,0.25040065555277,0.363326237141187,0.384714086731973,0.296661679160461,0.183388342875936,0.0774796778222848,0.297459004048629,0.146449535614211,0.35871133712192,0.420648034590104
"231",2022-11-13,0.265542514513277,0.353833019206527,0.176697824606834,0.323816520104431,0.371514507712563,0.271459997013134,0.135998412094701,0.0344799852710928,0.25315341921909,0.0875213287484326,0.275497876943915,0.338798300054328
"232",2022-11-23,0.284146165050063,0.356965666885531,0.206963444850724,0.339106346443579,0.371414536978455,0.259360598372048,0.145127019312028,0.0389669895480058,0.229164198878752,0.0918044440656368,0.271111226001012,0.335000931569755
"233",2022-12-03,0.404434193771126,0.364677454374052,0.222693802573276,0.295679346638762,0.463247283111655,0.48425270811676,0.453251441364698,0.215917695289787,0.496473426513578,0.247947570771869,0.416406284626903,0.476454897316344
"234",2022-12-13,0.665592178831454,0.607315352761603,0.505648050624088,0.565888693976005,0.371262382701071,0.326064923687861,0.281698710406799,0.174848980176925,0.450168520119585,0.201323993173287,0.377978274884061,0.468818622141447
"235",2022-12-23,0.561647588139031,0.575433182186454,0.456868731027823,0.496607191819126,0.433224971966578,0.347721233363508,0.256028792811436,0.105153975468641,0.391170394833786,0.176703550106437,0.344057382890986,0.410449594821933
"236",2023-01-02,0.706136059997381,0.675194575895936,0.573012220109325,0.593616265473014,0.487004906619451,0.483388200116687,0.464083458354724,0.424611750230518,0.587482408333566,0.290641223444342,0.515752829377071,0.51637038773179
"237",2023-01-12,0.695067711030709,0.668439825371911,0.531508000523645,0.579457325710152,0.54512305244712,0.509558971992631,0.523853252623451,0.445265390689429,0.575746110111364,0.345610429007236,0.553637260669266,0.597237588091481
"238",2023-01-22,0.685509259035586,0.688426368773156,0.608030713231337,0.657074136767602,0.694472615526077,0.626494351903631,0.473042645086556,0.429866936933285,0.575945375010139,0.487037199469357,0.62603316247215,0.655614780095055
"239",2023-02-01,0.733245624914611,0.708197466524944,0.624955706148249,0.681079031101453,0.687223701389201,0.624273730617504,0.480398859323041,0.429326287148585,0.612292337595096,0.458144783706016,0.617928620813266,0.655729268551615
"240",2023-02-11,0.678910811172826,0.668216539523831,0.557267359968035,0.629660798374577,0.615406603907355,0.568720663668303,0.47237905525886,0.373849757120312,0.564360008198596,0.507106356360943,0.627372842739523,0.639312588576639
"241",2023-02-21,0.61977182029834,0.662836821339275,0.58622480843576,0.620714361421078,0.638332773065997,0.608915015676356,0.557992662740398,0.400744381772139,0.577219310888689,0.435911042831803,0.581457713333677,0.608495285119166
"242",2023-03-03,0.698628628466996,0.689991003347123,0.581633659377573,0.613156729858768,0.473390022625423,0.566245900240745,0.49854928764556,0.423730651601938,0.581255008904154,0.34580556430158,0.48424954762129,0.497503290676603
"243",2023-03-13,0.396275767657082,0.500397263008191,0.226247190404685,0.380951781049934,0.406241785579939,0.338113354924062,0.302681753815362,0.28121871710823,0.299795238424892,0.119915088137486,0.284283513992447,0.347284034043235
"244",2023-03-23,0.607873054186919,0.552959877822249,0.323182824913393,0.389867121860249,0.447973311483683,0.385363183345359,0.337310944496801,0.26062064935689,0.322080116283209,0.1396577949086,0.319678168241488,0.365488334117637
"245",2023-04-02,0.298161820380047,0.385051309148483,0.188505507970036,0.374748204732848,0.400921036815591,0.342147023247392,0.145378785764989,0.0698280245493374,0.291312473927793,0.150982606916157,0.307003303671553,0.369899426982438
"246",2023-04-12,0.331765021239688,0.390482957641592,0.211578583790857,0.321720959680179,0.40916643653302,0.305238425590349,0.18138831239086,0.050129481679445,0.278928685248528,0.112503246927871,0.301727429823745,0.350577941895508
"247",2023-04-22,0.269563313334462,0.342959485654753,0.176963967415238,0.314414358459098,0.399622087030227,0.313333287018865,0.181817283677678,0.0521920423238303,0.297320337244591,0.113507398616809,0.315578336901423,0.355489349661852
"248",2023-05-02,0.22843312024372,0.306515362879361,0.16861477922966,0.276036443153721,0.377703808407236,0.312861116111303,0.18500351147483,0.0660581116483487,0.290356536136419,0.106102164203549,0.286918430499844,0.367984939193951
"249",2023-05-12,0.193634826092007,0.354571612812411,0.205030401081476,0.359215585386094,0.350368936912579,0.295706220614058,0.285412822782708,0.0584608167427804,0.30756604420595,0.127481101119057,0.33493461223074,0.35596423853693
"250",2023-05-22,0.199686927704295,0.27761783755602,0.136978565059067,0.270494764276939,0.350511556190116,0.320088575681154,0.219634305988264,0.0531437478578808,0.277696618922357,0.112648244066688,0.288318286557706,0.337415030662358
"251",2023-06-01,0.18990736184116,0.370052330570693,0.271925887881914,0.421374896088394,0.346972142960404,0.341552595018916,0.235746904122666,0.0708085057681723,0.34781223963708,0.152092313568218,0.309145664416517,0.387580640991859
"252",2023-06-11,0.192304151567722,0.296858427014116,0.192515379880404,0.315229755607417,0.314040079639681,0.311339458722929,0.199414841083995,0.0441192146832874,0.273887360781313,0.15187498654509,0.315823032459025,0.351749616704331
"253",2023-06-21,0.176185990376925,0.260321240835477,0.177187361575155,0.264874201173846,0.339027281499848,0.293352985112162,0.162861438600053,0.0401227723823245,0.265248235515583,0.0938509104102486,0.267665761388646,0.324960321066396
"254",2023-07-01,0.205212300110945,0.272706690154653,0.187535021727978,0.274184758470762,0.345338582755948,0.294169808436409,0.162894973353314,0.038728783749569,0.252081247072722,0.0903476234150574,0.259190484603137,0.317545858399119
"255",2023-07-11,0.218497180743527,0.285546935446597,0.182106709152674,0.280633752091154,0.369034592421586,0.300701294062711,0.16204774760285,0.0413571476188872,0.257226999911881,0.116755152020243,0.271754691243584,0.325771755917665
"256",2023-07-21,0.211937827723718,0.28825661816647,0.192610471392719,0.278293016921021,0.360395858189486,0.283908966301071,0.150393828944059,0.0402602019805344,0.238701130630404,0.0965295686957966,0.267623409106275,0.32379576079624
"257",2023-07-31,0.231406582092919,0.304242342476918,0.198254628824075,0.288959227542878,0.359065543008149,0.287989095822549,0.149327356243262,0.0435553343361868,0.242536010051995,0.105283494947834,0.26684288588694,0.320348648351275
"258",2023-08-10,0.236308976202463,0.349902273325984,0.270622604173413,0.370230092131556,0.347070974418234,0.273195005516237,0.13893760603563,0.0392709135402526,0.230330418504802,0.104781612230494,0.263139155835053,0.321537689550688
"259",2023-08-20,0.260615368141645,0.28246517219708,0.178373765885773,0.269825472988627,0.37694079209422,0.297616292392744,0.15833360232596,0.0483150356253048,0.252104469864117,0.109719260372812,0.276631833054164,0.32930147515442
"260",2023-08-30,0.213799956968406,0.301267402443838,0.200198471395711,0.283668824078789,0.367676731876402,0.260287691713859,0.138366159531585,0.0400474943206517,0.262111901119687,0.0847865493540029,0.252437371620232,0.306029303664292
"261",2023-09-09,0.307910138418556,0.374301822080276,0.212820797972361,0.371169660311669,0.360828630745133,0.290643493422818,0.118100426253213,0.049991778733667,0.258266525783768,0.0827713045589884,0.26998023763531,0.310623667165875
